alternative,probability
HHID,961042
cars0,0.490602580982
cars1,0.504429649342
cars2,0.00490381868084
cars3,5.34947143564e-05
cars4,1.04562810153e-05
