alternative,utility
HHID,961042
cars0,0.0
cars1,0.027793991091745462
cars2,-4.60562016845611
cars3,-9.123806819715636
cars4,-10.756186819715634
