label,value_1,value_2,value_3
PERID,1888694,1888695,1888696
Mandatory,3.046939699,2.581763529,3.0015635289999993
NonMandatory,0.622662391,0.7709779529999999,1.442977953
Home,0.0,0.0,0.0
