label,value_1,value_2,value_3
PERID,1888694,1888695,1888696
Mandatory,3.571539699,3.8171635289999997,4.236963528999999
NonMandatory,1.824262391,2.9247779530000004,3.596777953
Home,3.002,4.301,4.301
