alternative,utility_1,utility_2,utility_3
PERID,1888694,1888695,1888696
work1,,-0.10940000000000003,-0.2831
work2,,-999.0,-999.0
school1,,0.0,0.0
school2,,-2.5829579999999996,-2.690736
work_and_school,,-999.0,-999.0
